
INSERT INTO PUBLIC.ATTRIBUTEDTYPEENTITY (ID) VALUES ('03d148fb-051b-4b2a-9291-a2badc5030f4');
INSERT INTO PUBLIC.ATTRIBUTEDTYPEENTITY (ID) VALUES ('e5a3b8c4-ede6-4fe4-be2c-41392f2d31d1');
INSERT INTO PUBLIC.ATTRIBUTEDTYPEENTITY (ID) VALUES ('727c534a-9e4c-4d62-a46b-337f5b6c3e5e');
INSERT INTO PUBLIC.ATTRIBUTEDTYPEENTITY (ID) VALUES ('7b6cc3c9-205b-4fa4-840f-11e44fed20f4');
INSERT INTO PUBLIC.ATTRIBUTEDTYPEENTITY (ID) VALUES ('6b6d70e4-ad19-4f53-bf3d-4986495f3c20');
INSERT INTO PUBLIC.ATTRIBUTEDTYPEENTITY (ID) VALUES ('b9cdc628-2077-42c6-b886-71fe82cb621c');
INSERT INTO PUBLIC.ATTRIBUTEDTYPEENTITY (ID) VALUES ('0cfa1a54-8ab4-4f3a-9891-a7500d3f49d2');
INSERT INTO PUBLIC.ATTRIBUTEDTYPEENTITY (ID) VALUES ('2f981b8a-ab17-48e1-a446-1c30da1864af');
INSERT INTO PUBLIC.ATTRIBUTEDTYPEENTITY (ID) VALUES ('4b43bbfe-79c7-4dfe-83bd-7e95be214f43');
INSERT INTO PUBLIC.ATTRIBUTEDTYPEENTITY (ID) VALUES ('b59224c6-184d-4378-9cc5-29a90966fc1b');
INSERT INTO PUBLIC.ATTRIBUTEDTYPEENTITY (ID) VALUES ('b5b13b59-79ac-4c72-8327-751aed08f180');

INSERT INTO PUBLIC.IDENTITYTYPEENTITY (CREATEDDATE, ENABLED, EXPIRATIONDATE, TYPENAME, ID, PARTITION_ID) VALUES ('2013-12-03 23:38:02', true, null, 'org.jboss.aerogear.aerodoc.model.SaleAgent', '03d148fb-051b-4b2a-9291-a2badc5030f4', null);
INSERT INTO PUBLIC.IDENTITYTYPEENTITY (CREATEDDATE, ENABLED, EXPIRATIONDATE, TYPENAME, ID, PARTITION_ID) VALUES ('2013-12-03 23:38:02', true, null, 'org.jboss.aerogear.aerodoc.model.SaleAgent', 'e5a3b8c4-ede6-4fe4-be2c-41392f2d31d1', null);
INSERT INTO PUBLIC.IDENTITYTYPEENTITY (CREATEDDATE, ENABLED, EXPIRATIONDATE, TYPENAME, ID, PARTITION_ID) VALUES ('2013-12-03 23:38:02', true, null, 'org.jboss.aerogear.aerodoc.model.SaleAgent', '727c534a-9e4c-4d62-a46b-337f5b6c3e5e', null);
INSERT INTO PUBLIC.IDENTITYTYPEENTITY (CREATEDDATE, ENABLED, EXPIRATIONDATE, TYPENAME, ID, PARTITION_ID) VALUES ('2013-12-03 23:38:02', true, null, 'org.jboss.aerogear.aerodoc.model.SaleAgent', '7b6cc3c9-205b-4fa4-840f-11e44fed20f4', null);
INSERT INTO PUBLIC.IDENTITYTYPEENTITY (CREATEDDATE, ENABLED, EXPIRATIONDATE, TYPENAME, ID, PARTITION_ID) VALUES ('2013-12-03 23:38:02', true, null, 'org.picketlink.idm.model.basic.Role', '6b6d70e4-ad19-4f53-bf3d-4986495f3c20', null);
INSERT INTO PUBLIC.IDENTITYTYPEENTITY (CREATEDDATE, ENABLED, EXPIRATIONDATE, TYPENAME, ID, PARTITION_ID) VALUES ('2013-12-03 23:38:02', true, null, 'org.picketlink.idm.model.basic.Role', 'b9cdc628-2077-42c6-b886-71fe82cb621c', null);

INSERT INTO PUBLIC.SALESAGENTENTITY (EMAIL, FIRSTNAME, LASTNAME, LATITUDE, LOCATION, LOGINNAME, LONGITUDE, STATUS, ID) VALUES (null, null, null, null, 'New York', 'bob', null, 'STANDBY', 'e5a3b8c4-ede6-4fe4-be2c-41392f2d31d1');
INSERT INTO PUBLIC.SALESAGENTENTITY (EMAIL, FIRSTNAME, LASTNAME, LATITUDE, LOCATION, LOGINNAME, LONGITUDE, STATUS, ID) VALUES (null, null, null, null, 'New York', 'maria', null, 'STANDBY', '727c534a-9e4c-4d62-a46b-337f5b6c3e5e');
INSERT INTO PUBLIC.SALESAGENTENTITY (EMAIL, FIRSTNAME, LASTNAME, LATITUDE, LOCATION, LOGINNAME, LONGITUDE, STATUS, ID) VALUES (null, null, null, null, 'Boston', 'jake', null, 'STANDBY', '7b6cc3c9-205b-4fa4-840f-11e44fed20f4');
INSERT INTO PUBLIC.SALESAGENTENTITY (EMAIL, FIRSTNAME, LASTNAME, LATITUDE, LOCATION, LOGINNAME, LONGITUDE, STATUS, ID) VALUES (null, null, null, 47.351351351351354, 'New York', 'john', 8.350777209417197, 'WITH_CLIENT', '03d148fb-051b-4b2a-9291-a2badc5030f4');
